{
  "results": {
    "hernquist3d|eps=0.02|dS_late": {
      "r2_bulk": 0.1467024641825838,
      "r2_bulk_self0": 0.45886744568592097,
      "psi_beyond_bulk": -0.017671781974023526,
      "psi_beyond_bulk_ci": [
        -0.09936265400655285,
        0.06165058502601016
      ],
      "psi_beyond_bulk_self0": 0.020545367353718258,
      "psi_beyond_bulk_self0_ci": [
        -0.034605704462588094,
        0.08120025467874087
      ],
      "survives_hardened": false
    },
    "hernquist3d|eps=0.02|dS_early": {
      "r2_bulk": 0.012553516823464173,
      "r2_bulk_self0": 0.3490684468522013,
      "psi_beyond_bulk": -0.5275398362753839,
      "psi_beyond_bulk_ci": [
        -1.6981553819205102,
        0.0505268558014399
      ],
      "psi_beyond_bulk_self0": -0.46990318935564057,
      "psi_beyond_bulk_self0_ci": [
        -1.5318086167734937,
        0.0531469093710332
      ],
      "survives_hardened": false
    },
    "hernquist3d|eps=0.02|dSigr_late": {
      "r2_bulk": 0.29840600377043736,
      "r2_bulk_self0": 0.4712524964199163,
      "psi_beyond_bulk": 0.26665776352588677,
      "psi_beyond_bulk_ci": [
        0.16220480082910438,
        0.36364436151372437
      ],
      "psi_beyond_bulk_self0": 0.07155935838278504,
      "psi_beyond_bulk_self0_ci": [
        -0.08527192852478561,
        0.19600533510977278
      ],
      "survives_hardened": false
    },
    "hernquist3d|eps=0.02|dSigr_early": {
      "r2_bulk": 0.07350661306030715,
      "r2_bulk_self0": 0.30637976498538555,
      "psi_beyond_bulk": 0.24186372619566854,
      "psi_beyond_bulk_ci": [
        0.09256651756490503,
        0.38419295010626375
      ],
      "psi_beyond_bulk_self0": 0.06021599308534975,
      "psi_beyond_bulk_self0_ci": [
        -0.030894978332342882,
        0.16743777888197153
      ],
      "survives_hardened": false
    },
    "hernquist3d|eps=0.02|dBeta_late": {
      "r2_bulk": 0.2234827588255942,
      "r2_bulk_self0": 0.6729787875677649,
      "psi_beyond_bulk": 0.13220779998394083,
      "psi_beyond_bulk_ci": [
        -0.20775507422768305,
        0.3531333003923376
      ],
      "psi_beyond_bulk_self0": -0.11573621131816791,
      "psi_beyond_bulk_self0_ci": [
        -0.3969163149404196,
        0.022887406114466418
      ],
      "survives_hardened": false
    },
    "hernquist3d|eps=0.02|dBeta_early": {
      "r2_bulk": -0.016397081338584085,
      "r2_bulk_self0": 0.4475647447625073,
      "psi_beyond_bulk": 0.45196854056174685,
      "psi_beyond_bulk_ci": [
        0.2879969252205466,
        0.5964151071998913
      ],
      "psi_beyond_bulk_self0": 0.029283767939264682,
      "psi_beyond_bulk_self0_ci": [
        -0.08651403847151162,
        0.12630986907716285
      ],
      "survives_hardened": false
    },
    "hernquist3d|eps=0.05|dS_late": {
      "r2_bulk": 0.3480310819273498,
      "r2_bulk_self0": 0.6481742828097061,
      "psi_beyond_bulk": -0.0559499337253041,
      "psi_beyond_bulk_ci": [
        -0.12623668035998906,
        0.011594753885621159
      ],
      "psi_beyond_bulk_self0": -0.036151067028418415,
      "psi_beyond_bulk_self0_ci": [
        -0.08071499064441191,
        0.001230199905915692
      ],
      "survives_hardened": false
    },
    "hernquist3d|eps=0.05|dS_early": {
      "r2_bulk": 0.18235748016902786,
      "r2_bulk_self0": 0.46686882990601397,
      "psi_beyond_bulk": -0.05204914196653754,
      "psi_beyond_bulk_ci": [
        -0.13950745255495364,
        0.028165456559094127
      ],
      "psi_beyond_bulk_self0": -2.7205790878844667,
      "psi_beyond_bulk_self0_ci": [
        -8.01130940164862,
        -0.019858440048625744
      ],
      "survives_hardened": false
    },
    "hernquist3d|eps=0.05|dSigr_late": {
      "r2_bulk": 0.16339082205751276,
      "r2_bulk_self0": 0.3739768642038168,
      "psi_beyond_bulk": -2.2580205478714275,
      "psi_beyond_bulk_ci": [
        -8.141133504799587,
        0.2569191729789834
      ],
      "psi_beyond_bulk_self0": 0.0069409570869840564,
      "psi_beyond_bulk_self0_ci": [
        -0.05763651664668629,
        0.06876716067400525
      ],
      "survives_hardened": false
    },
    "hernquist3d|eps=0.05|dSigr_early": {
      "r2_bulk": 0.07931096172783358,
      "r2_bulk_self0": 0.2643216826486834,
      "psi_beyond_bulk": 0.2644751283948211,
      "psi_beyond_bulk_ci": [
        0.1583477370956859,
        0.3556513234257421
      ],
      "psi_beyond_bulk_self0": 0.09920463141231795,
      "psi_beyond_bulk_self0_ci": [
        0.024095319822953057,
        0.17627993546679718
      ],
      "survives_hardened": true
    },
    "hernquist3d|eps=0.05|dBeta_late": {
      "r2_bulk": 0.18007038608852466,
      "r2_bulk_self0": 0.6956474869383809,
      "psi_beyond_bulk": 0.05201301596393326,
      "psi_beyond_bulk_ci": [
        -0.7314343750126487,
        0.4327727244072035
      ],
      "psi_beyond_bulk_self0": -4.288077564428141,
      "psi_beyond_bulk_self0_ci": [
        -14.994053760493637,
        0.009682586633487873
      ],
      "survives_hardened": false
    },
    "hernquist3d|eps=0.05|dBeta_early": {
      "r2_bulk": 0.0014312839365944185,
      "r2_bulk_self0": 0.49118416487969685,
      "psi_beyond_bulk": 0.45763182644268185,
      "psi_beyond_bulk_ci": [
        0.3235881542068267,
        0.5753529120587093
      ],
      "psi_beyond_bulk_self0": 0.05417230013307783,
      "psi_beyond_bulk_self0_ci": [
        -0.036224442367186194,
        0.13730451165500518
      ],
      "survives_hardened": false
    },
    "hernquist3d|eps=0.1|dS_late": {
      "r2_bulk": 0.33179078555453523,
      "r2_bulk_self0": 0.7259777708232287,
      "psi_beyond_bulk": 0.05369640453963587,
      "psi_beyond_bulk_ci": [
        0.0008758736002450363,
        0.11183392011572144
      ],
      "psi_beyond_bulk_self0": 0.012906507145220014,
      "psi_beyond_bulk_self0_ci": [
        -0.01937679732002543,
        0.048930785812676625
      ],
      "survives_hardened": false
    },
    "hernquist3d|eps=0.1|dS_early": {
      "r2_bulk": 0.2488673219174694,
      "r2_bulk_self0": 0.4551395258945039,
      "psi_beyond_bulk": 0.00515607122674866,
      "psi_beyond_bulk_ci": [
        -0.06494605696032187,
        0.07893437645506703
      ],
      "psi_beyond_bulk_self0": 0.006576497399284453,
      "psi_beyond_bulk_self0_ci": [
        -0.050115643915931214,
        0.06520286694037904
      ],
      "survives_hardened": false
    },
    "hernquist3d|eps=0.1|dSigr_late": {
      "r2_bulk": 0.15910135276787918,
      "r2_bulk_self0": 0.4338428371445403,
      "psi_beyond_bulk": 0.29433757436868135,
      "psi_beyond_bulk_ci": [
        0.19602915736762935,
        0.3938349987137424
      ],
      "psi_beyond_bulk_self0": 0.05269498964219832,
      "psi_beyond_bulk_self0_ci": [
        -0.024977541099574396,
        0.1265909038467838
      ],
      "survives_hardened": false
    },
    "hernquist3d|eps=0.1|dSigr_early": {
      "r2_bulk": 0.01898832789671434,
      "r2_bulk_self0": 0.3587267751081229,
      "psi_beyond_bulk": 0.3579024839345909,
      "psi_beyond_bulk_ci": [
        0.2302289893046702,
        0.4800200460436896
      ],
      "psi_beyond_bulk_self0": 0.10002079088316884,
      "psi_beyond_bulk_self0_ci": [
        0.01874540051889362,
        0.17566487824315513
      ],
      "survives_hardened": true
    },
    "hernquist3d|eps=0.1|dBeta_late": {
      "r2_bulk": 0.08663770694002848,
      "r2_bulk_self0": 0.7258919572080276,
      "psi_beyond_bulk": 0.3780520520564399,
      "psi_beyond_bulk_ci": [
        0.2823242364492013,
        0.47726546551441085
      ],
      "psi_beyond_bulk_self0": -0.003176688938535177,
      "psi_beyond_bulk_self0_ci": [
        -0.037190121419009695,
        0.029812668214153043
      ],
      "survives_hardened": false
    },
    "hernquist3d|eps=0.1|dBeta_early": {
      "r2_bulk": -0.000399056229732464,
      "r2_bulk_self0": 0.2658797724530986,
      "psi_beyond_bulk": 0.26926286374885955,