{
  "profile": "hernquist3d",
  "N": 4096,
  "eps": 0.05,
  "n_pairs": 50,
  "concentrated": true,
  "bimodal_pericenter_caveat": false,
  "crit1": {
    "005": {
      "tstar": 20,
      "slope": 0.21267180103796224,
      "slope_ci": [
        0.20770104122933092,
        0.21794834920659903
      ],
      "partial_r": 0.24271157096172102,
      "armmean_corr": 0.9233757547194635,
      "pass": true,
      "strict_pass": false
    },
    "01": {
      "tstar": 100,
      "slope": 0.23906459539374242,
      "slope_ci": [
        0.2313010031917213,
        0.246783683965441
      ],
      "partial_r": 0.050080552732770164,
      "armmean_corr": 0.9823935378868013,
      "pass": true,
      "strict_pass": false
    },
    "02": {
      "tstar": 50,
      "slope": 0.35491237623294014,
      "slope_ci": [
        0.34722232489510596,
        0.3623842511586066
      ],
      "partial_r": 0.27097781422986567,
      "armmean_corr": 0.9886235326621953,
      "pass": true,
      "strict_pass": false
    }
  },
  "crit1_pass": true,
  "crit2": {
    "tM": 5,
    "tC": 10,
    "pass": true
  },
  "crit3": {
    "dM_in": 0.026640625,
    "dM_out": 0.0055078125,
    "dLg_in": -0.014131261576298506,
    "dLg_out": -0.2849144378672234,
    "pass": true
  },
  "crit5": {
    "sham_vs_full": 0.022407967277254137,
    "pass": true,
    "ci_only_pass": false
  },
  "crit6": {
    "ke_drift": 6.860039373778078e-05,
    "E_drift": 0.002050057140514542,
    "pass": true
  },
  "predictor": {
    "pc_f": 0.9076624744659314,
    "pc_L": 0.3391862391314944,
    "amf": 0.9823935378868013,
    "amL": -0.7736273053278806
  },
  "kill": {
    "globalL_beats_fperi": false,
    "outer_reproduces": false,
    "sham_explains": false
  },
  "phi_agree": 0.0076989234282764055,
  "peak_dM10_full": 0.0274560546875,
  "CELL_PASS": true
}