{
  "profile": "hernquist3d",
  "N": 1024,
  "eps": 0.05,
  "n_pairs": 100,
  "concentrated": true,
  "bimodal_pericenter_caveat": false,
  "crit1": {
    "005": {
      "tstar": 20,
      "slope": 0.18915174256071415,
      "slope_ci": [
        0.1800624677739039,
        0.19803782330643377
      ],
      "partial_r": 0.12251894831160719,
      "armmean_corr": 0.9215528733274494,
      "pass": true,
      "strict_pass": false
    },
    "01": {
      "tstar": 20,
      "slope": 0.2966242420478524,
      "slope_ci": [
        0.2891102174670942,
        0.3043723283087997
      ],
      "partial_r": 0.26277315483838115,
      "armmean_corr": 0.8791883514251876,
      "pass": true,
      "strict_pass": false
    },
    "02": {
      "tstar": 50,
      "slope": 0.3784507876128842,
      "slope_ci": [
        0.36670269052815574,
        0.3907732636702283
      ],
      "partial_r": 0.32055571811546685,
      "armmean_corr": 0.9837971109545816,
      "pass": true,
      "strict_pass": false
    }
  },
  "crit1_pass": true,
  "crit2": {
    "tM": 5,
    "tC": 10,
    "pass": true
  },
  "crit3": {
    "dM_in": 0.029033203125,
    "dM_out": 0.005986328125,
    "dLg_in": -0.013630895933533376,
    "dLg_out": -0.28857482573181764,
    "pass": true
  },
  "crit5": {
    "sham_vs_full": 0.006889763779527559,
    "pass": true,
    "ci_only_pass": true
  },
  "crit6": {
    "ke_drift": 0.00026623253800293754,
    "E_drift": 0.0010763847749513372,
    "pass": true
  },
  "predictor": {
    "pc_f": 0.7762429273014442,
    "pc_L": 0.30580689588832877,
    "amf": 0.8791883514251876,
    "amL": -0.6292839458274087
  },
  "kill": {
    "globalL_beats_fperi": false,
    "outer_reproduces": false,
    "sham_explains": false
  },
  "phi_agree": 0.026943034114241045,
  "peak_dM10_full": 0.029765625,
  "CELL_PASS": true
}