{
  "profile": "hernquist3d",
  "N": 2048,
  "eps": 0.02,
  "n_pairs": 100,
  "concentrated": true,
  "bimodal_pericenter_caveat": false,
  "crit1": {
    "005": {
      "tstar": 20,
      "slope": 0.23161049259046682,
      "slope_ci": [
        0.22583602554096313,
        0.2369969991595808
      ],
      "partial_r": 0.18570858444695476,
      "armmean_corr": 0.9296340264366003,
      "pass": true,
      "strict_pass": false
    },
    "01": {
      "tstar": 20,
      "slope": 0.2791191871534644,
      "slope_ci": [
        0.2726303090393776,
        0.2857745124203551
      ],
      "partial_r": 0.3232372275872857,
      "armmean_corr": 0.8695813666330707,
      "pass": true,
      "strict_pass": false
    },
    "02": {
      "tstar": 50,
      "slope": 0.3251460562719397,
      "slope_ci": [
        0.3171147659803071,
        0.3336524797060082
      ],
      "partial_r": 0.30736342226832275,
      "armmean_corr": 0.9876303036201306,
      "pass": true,
      "strict_pass": false
    }
  },
  "crit1_pass": true,
  "crit2": {
    "tM": 5,
    "tC": 5,
    "pass": true
  },
  "crit3": {
    "dM_in": 0.0266064453125,
    "dM_out": 0.00857421875,
    "dLg_in": -0.011383661124564595,
    "dLg_out": -0.283887653047933,
    "pass": true
  },
  "crit5": {
    "sham_vs_full": 0.005390835579514825,
    "pass": true,
    "ci_only_pass": true
  },
  "crit6": {
    "ke_drift": 0.0001332807161756704,
    "E_drift": 0.001274499700391571,
    "pass": true
  },
  "predictor": {
    "pc_f": 0.7820016996813102,
    "pc_L": 0.3339910096290603,
    "amf": 0.8695813666330707,
    "amL": -0.6316016100367465
  },
  "kill": {
    "globalL_beats_fperi": false,
    "outer_reproduces": false,
    "sham_explains": false
  },
  "phi_agree": 0.015022566086395874,
  "peak_dM10_full": 0.0271728515625,
  "CELL_PASS": true
}