{
  "profile": "hernquist3d",
  "N": 512,
  "eps": 0.02,
  "n_pairs": 100,
  "concentrated": true,
  "bimodal_pericenter_caveat": false,
  "crit1": {
    "005": {
      "tstar": 20,
      "slope": 0.1527717579266417,
      "slope_ci": [
        0.13898348143430522,
        0.16823131040635492
      ],
      "partial_r": 0.1099290204338363,
      "armmean_corr": 0.930739716666432,
      "pass": true,
      "strict_pass": false
    },
    "01": {
      "tstar": 20,
      "slope": 0.2795488597775773,
      "slope_ci": [
        0.2649462705603005,
        0.29401018668159623
      ],
      "partial_r": 0.1348204234618909,
      "armmean_corr": 0.8869644399989467,
      "pass": true,
      "strict_pass": false
    },
    "02": {
      "tstar": 600,
      "slope": 0.26537285120400267,
      "slope_ci": [
        0.21747267135838946,
        0.316566161297252
      ],
      "partial_r": 0.049592077912964265,
      "armmean_corr": 0.9510987525598884,
      "pass": true,
      "strict_pass": false
    }
  },
  "crit1_pass": true,
  "crit2": {
    "tM": 5,
    "tC": 5,
    "pass": true
  },
  "crit3": {
    "dM_in": 0.030625,
    "dM_out": 0.00861328125,
    "dLg_in": -0.011835824246955402,
    "dLg_out": -0.28267492854424775,
    "pass": true
  },
  "crit5": {
    "sham_vs_full": 0.03402646502835539,
    "pass": true,
    "ci_only_pass": false
  },
  "crit6": {
    "ke_drift": 0.0004965796747827403,
    "E_drift": 0.0005802272596586357,
    "pass": true
  },
  "predictor": {
    "pc_f": 0.7322394811758597,
    "pc_L": 0.2314232709526948,
    "amf": 0.8869644399989467,
    "amL": -0.6247669955244674
  },
  "kill": {
    "globalL_beats_fperi": false,
    "outer_reproduces": false,
    "sham_explains": false
  },
  "phi_agree": 0.07905026401856352,
  "peak_dM10_full": 0.03099609375,
  "CELL_PASS": true
}