{
  "cells": {
    "hernquist3d|eps=0.02|th=20": {
      "family": "hernquist3d",
      "eps": 0.02,
      "theta_deg": 20,
      "n_pairs": 100,
      "targets": {
        "beta": {
          "causal_int_minus_sham": [
            0.16032435992350702,
            0.15218891754429506,
            0.16935159265472544,
            100
          ]
        },
        "sigr": {
          "causal_int_minus_sham": [
            0.06117947575004706,
            0.05817014442994133,
            0.06426629696761395,
            100
          ]
        },
        "Q": {
          "causal_int_minus_sham": [
            -0.000318647311775051,
            -0.0015106142334514508,
            0.0008499852627546417,
            100
          ]
        },
        "S": {
          "causal_int_minus_sham": [
            0.026512286051811013,
            0.02092070763014418,
            0.03238455222414916,
            100
          ]
        },
        "C8": {
          "causal_int_minus_sham": [
            2.212990951538086,
            0.7667531642913819,
            3.7743157033920274,
            100
          ]
        }
      },
      "imposed_dbeta0": [
        0.6537224784490373,
        0.6467415431548533,
        0.6611912125452578,
        100
      ],
      "sham_dbeta0": [
        0.0009134154349315049,
        -0.004588904602076656,
        0.006299506927096905,
        100
      ],
      "sham_minus_orig_beta1": [
        0.0006907703437874468,
        -0.006591710321873425,
        0.008078608795853794,
        100
      ],
      "causal_beta1": [
        0.16032435992350702,
        0.15218891754429506,
        0.16935159265472544,
        100
      ],
      "free_causal_beta1": [
        0.052306483425495515,
        0.04763708927180161,
        0.05695921041664475,
        100
      ],
      "persistence_grav": 0.2452483511105172,
      "persistence_free": 0.08001328568292945,
      "orig_beta0_mean": -0.006757399232920245,
      "orig_beta1_mean": 0.39323085687425674,
      "dKE_rel": 8.218163725281743e-05,
      "dQ_rel": 8.218163725281327e-05,
      "dL": -0.015524398650074676,
      "dp": -6.045981134128736e-18
    },
    "hernquist3d|eps=0.05|th=20": {
      "family": "hernquist3d",
      "eps": 0.05,
      "theta_deg": 20,
      "n_pairs": 100,
      "targets": {
        "beta": {
          "causal_int_minus_sham": [
            0.15146589307214894,
            0.14473112563636517,
            0.15818691877176277,
            100
          ]
        },
        "sigr": {
          "causal_int_minus_sham": [
            0.060943281391191234,
            0.058415203379614936,
            0.06333417828040921,
            100
          ]
        },
        "Q": {
          "causal_int_minus_sham": [
            -0.003648305135607002,
            -0.005284910383612622,
            -0.0021293673920072297,
            100
          ]
        },
        "S": {
          "causal_int_minus_sham": [
            0.028518310514206967,
            0.022707187341580833,
            0.0344149923294038,
            100
          ]
        },
        "C8": {
          "causal_int_minus_sham": [
            2.32088264465332,
            1.529631420135498,
            3.1929774017333985,
            100
          ]
        }
      },
      "imposed_dbeta0": [
        0.6537224784490373,
        0.6465276988249062,
        0.661064545289036,
        100
      ],
      "sham_dbeta0": [
        0.0009134154349315049,
        -0.004523375973359248,
        0.006151663709460066,
        100
      ],
      "sham_minus_orig_beta1": [
        -0.0007067377789375418,
        -0.0059238271688906,
        0.004416934793661259,
        100
      ],
      "causal_beta1": [
        0.15146589307214894,
        0.14473112563636517,
        0.15818691877176277,
        100
      ],
      "free_causal_beta1": [
        0.052306483425495515,
        0.04765390300319937,
        0.05687923931672704,
        100
      ],
      "persistence_grav": 0.23169754454750155,
      "persistence_free": 0.08001328568292945,
      "orig_beta0_mean": -0.006757399232920245,
      "orig_beta1_mean": 0.4611556364159658,
      "dKE_rel": 8.218163725281743e-05,
      "dQ_rel": 8.218163725279119e-05,
      "dL": -0.015524398650074676,
      "dp": -6.045981134128736e-18
    },
    "hernquist3d|eps=0.1|th=20": {
      "family": "hernquist3d",
      "eps": 0.1,
      "theta_deg": 20,
      "n_pairs": 100,
      "targets": {
        "beta": {
          "causal_int_minus_sham": [
            0.11788649191882379,
            0.11217281345930709,
            0.12395441524077248,
            100
          ]
        },
        "sigr": {
          "causal_int_minus_sham": [
            0.055392611704750634,
            0.052947055334505874,
            0.05785847055087084,
            100
          ]
        },
        "Q": {
          "causal_int_minus_sham": [
            -0.019326615539960502,
            -0.02420432595580147,
            -0.014832464085762026,
            100
          ]
        },
        "S": {
          "causal_int_minus_sham": [
            0.031752220634297494,
            0.02647431356203759,
            0.036895911801812835,
            100
          ]
        },
        "C8": {
          "causal_int_minus_sham": [
            2.0906637573242186,
            1.5972273778915405,
            2.6010273075103756,
            100
          ]
        }
      },
      "imposed_dbeta0": [
        0.6537224784490374,
        0.6463451187209418,
        0.6607876790124687,
        100
      ],
      "sham_dbeta0": [
        0.0009134154349315049,
        -0.004475933980252515,
        0.006210378660160727,
        100
      ],
      "sham_minus_orig_beta1": [
        -0.0006008322928063947,
        -0.0037430119561711567,
        0.0026522235470385837,
        100
      ],
      "causal_beta1": [
        0.11788649191882379,
        0.11217281345930709,
        0.12395441524077248,
        100
      ],
      "free_causal_beta1": [
        0.052306483425495515,
        0.047563198522654226,
        0.056835054738961034,
        100
      ],
      "persistence_grav": 0.18033109737714784,
      "persistence_free": 0.08001328568292944,
      "orig_beta0_mean": -0.006757399232920245,
      "orig_beta1_mean": 0.5649500844171029,
      "dKE_rel": 8.218163725281743e-05,
      "dQ_rel": 8.218163725289386e-05,
      "dL": -0.015524398650074676,
      "dp": -6.045981134128736e-18
    },
    "plummer3d|eps=0.05|th=20": {
      "family": "plummer3d",
      "eps": 0.05,
      "theta_deg": 20,
      "n_pairs": 100,
      "targets": {
        "beta": {
          "causal_int_minus_sham": [
            0.16021340677711954,
            0.15191140989049026,
            0.16882307135881264,
            100
          ]
        },
        "sigr": {
          "causal_int_minus_sham": [
            0.055251168560779336,
            0.05253485197731866,
            0.05807175710867312,
            100
          ]
        },
        "Q": {
          "causal_int_minus_sham": [
            0.007985991594856608,
            0.0061859588124896945,
            0.00979050402252722,
            100
          ]
        },
        "S": {
          "causal_int_minus_sham": [
            -0.006539995031217511,
            -0.012424295851440082,
            -0.0010956546201619998,
            100
          ]
        },
        "C8": {
          "causal_int_minus_sham": [
            3.4457106018066406,
            2.6981510639190676,
            4.220827291488646,
            100
          ]
        }
      },
      "imposed_dbeta0": [
        0.6491629416309752,
        0.6428360988869704,
        0.6558863156697216,
        100
      ],
      "sham_dbeta0": [
        -0.0003849234874872787,
        -0.005574317588359345,
        0.004893666754243241,
        100
      ],
      "sham_minus_orig_beta1": [
        -0.001847081537660451,
        -0.0071756472338140925,
        0.003292611853784387,
        100
      ],