{
  "per_profile_rc": {
    "hernquist3d_0.05": {
      "dose": 0.125174560546875,
      "dM": 0.0154052734375,
      "H": 0.12320531070775577,
      "baseM": 0.018695068359375,
      "basef": 0.18611572265624998
    },
    "hernquist3d_0.1": {
      "dose": 0.133175048828125,
      "dM": 0.028729248046875,
      "H": 0.21576347992487888,
      "baseM": 0.08104736328124999,
      "basef": 0.33435913085937496
    },
    "hernquist3d_0.2": {
      "dose": 0.114345703125,
      "dM": 0.036456298828125,
      "H": 0.3182757737080155,
      "baseM": 0.230478515625,
      "basef": 0.51196044921875
    },
    "plummer3d_0.05": {
      "dose": 0.17191650390625002,
      "dM": 0.024725341796874998,
      "H": 0.14382385029445496,
      "baseM": 0.013856201171875,
      "basef": 0.12792724609375
    },
    "plummer3d_0.1": {
      "dose": 0.19180908203125,
      "dM": 0.056235351562499994,
      "H": 0.29318118434420226,
      "baseM": 0.08707763671874999,
      "basef": 0.364583740234375
    },
    "plummer3d_0.2": {
      "dose": 0.1288916015625,
      "dM": 0.044656982421875,
      "H": 0.3464685861740967,
      "baseM": 0.34976684570312505,
      "basef": 0.6771313476562499
    }
  },
  "ratios_by_rc": {
    "0.05": {
      "dM": 1.6049920760697305,
      "dose": 1.3734140799469492,
      "slope": 1.1673510619652312
    },
    "0.1": {
      "dM": 1.95742511153601,
      "dose": 1.4402779178162552,
      "slope": 1.3588081933340965
    },
    "0.2": {
      "dM": 1.2249455884815001,
      "dose": 1.1272098385857034,
      "slope": 1.0885798254062062
    }
  },
  "corr_H_baseM": 0.8730035209176423
}