{
  "per_cell": {
    "hernquist3d_N512_eps0.02": {
      "cell": "hernquist3d_N512_eps0.02",
      "n": 100,
      "tstar": 20,
      "base_fp01": 0.31328125,
      "base_fp005": 0.16537109375,
      "base_M10": 0.04970703125,
      "dose": 0.141171875,
      "dose_deep": 0.127109375,
      "dM10": 0.03099609375,
      "slope": 0.21956281128942998
    },
    "hernquist3d_N512_eps0.05": {
      "cell": "hernquist3d_N512_eps0.05",
      "n": 100,
      "tstar": 20,
      "base_fp01": 0.31328125,
      "base_fp005": 0.16537109375,
      "base_M10": 0.04970703125,
      "dose": 0.141171875,
      "dose_deep": 0.127109375,
      "dM10": 0.02990234375,
      "slope": 0.21181516325401217
    },
    "hernquist3d_N512_eps0.1": {
      "cell": "hernquist3d_N512_eps0.1",
      "n": 100,
      "tstar": 20,
      "base_fp01": 0.31328125,
      "base_fp005": 0.16537109375,
      "base_M10": 0.04970703125,
      "dose": 0.141171875,
      "dose_deep": 0.127109375,
      "dM10": 0.027734375,
      "slope": 0.19645821804095184
    },
    "hernquist3d_N512_eps0.2": {
      "cell": "hernquist3d_N512_eps0.2",
      "n": 100,
      "tstar": 20,
      "base_fp01": 0.31328125,
      "base_fp005": 0.16537109375,
      "base_M10": 0.04970703125,
      "dose": 0.141171875,
      "dose_deep": 0.127109375,
      "dM10": 0.02587890625,
      "slope": 0.1833148865522966
    },
    "hernquist3d_N1024_eps0.02": {
      "cell": "hernquist3d_N1024_eps0.02",
      "n": 100,
      "tstar": 20,
      "base_fp01": 0.33298828125,
      "base_fp005": 0.183408203125,
      "base_M10": 0.07765625,
      "dose": 0.132373046875,
      "dose_deep": 0.124091796875,
      "dM10": 0.029755859375,
      "slope": 0.22478790114348945
    },
    "hernquist3d_N1024_eps0.05": {
      "cell": "hernquist3d_N1024_eps0.05",
      "n": 100,
      "tstar": 20,
      "base_fp01": 0.33298828125,
      "base_fp005": 0.183408203125,
      "base_M10": 0.07765625,
      "dose": 0.132373046875,
      "dose_deep": 0.124091796875,
      "dM10": 0.029765625,
      "slope": 0.22486167465879747
    },
    "hernquist3d_N1024_eps0.1": {
      "cell": "hernquist3d_N1024_eps0.1",
      "n": 100,
      "tstar": 20,
      "base_fp01": 0.33298828125,
      "base_fp005": 0.183408203125,
      "base_M10": 0.07765625,
      "dose": 0.132373046875,
      "dose_deep": 0.124091796875,
      "dM10": 0.02859375,
      "slope": 0.21600885282183696
    },
    "hernquist3d_N1024_eps0.2": {
      "cell": "hernquist3d_N1024_eps0.2",
      "n": 100,
      "tstar": 20,
      "base_fp01": 0.33298828125,
      "base_fp005": 0.183408203125,
      "base_M10": 0.07765625,
      "dose": 0.132373046875,
      "dose_deep": 0.124091796875,
      "dM10": 0.027373046875,
      "slope": 0.2067871634083364
    },
    "hernquist3d_N2048_eps0.02": {
      "cell": "hernquist3d_N2048_eps0.02",
      "n": 100,
      "tstar": 20,
      "base_fp01": 0.3423828125,
      "base_fp005": 0.1937890625,
      "base_M10": 0.094541015625,
      "dose": 0.13033203125,
      "dose_deep": 0.125302734375,
      "dM10": 0.0271728515625,
      "slope": 0.2084894350367151
    },
    "hernquist3d_N2048_eps0.05": {
      "cell": "hernquist3d_N2048_eps0.05",
      "n": 100,
      "tstar": 20,
      "base_fp01": 0.3423828125,
      "base_fp005": 0.1937890625,
      "base_M10": 0.094541015625,
      "dose": 0.13033203125,
      "dose_deep": 0.125302734375,
      "dM10": 0.02779296875,
      "slope": 0.213247414955792
    },
    "hernquist3d_N2048_eps0.1": {
      "cell": "hernquist3d_N2048_eps0.1",
      "n": 100,
      "tstar": 20,
      "base_fp01": 0.3423828125,
      "base_fp005": 0.1937890625,
      "base_M10": 0.094541015625,
      "dose": 0.13033203125,
      "dose_deep": 0.125302734375,
      "dM10": 0.027333984375,
      "slope": 0.20972576052749886
    },
    "hernquist3d_N2048_eps0.2": {
      "cell": "hernquist3d_N2048_eps0.2",
      "n": 100,
      "tstar": 20,
      "base_fp01": 0.3423828125,
      "base_fp005": 0.1937890625,
      "base_M10": 0.094541015625,
      "dose": 0.13033203125,
      "dose_deep": 0.125302734375,
      "dM10": 0.026494140625,
      "slope": 0.2032818822118987
    },
    "hernquist3d_N4096_eps0.05": {
      "cell": "hernquist3d_N4096_eps0.05",
      "n": 50,
      "tstar": 100,
      "base_fp01": 0.3487841796875,
      "base_fp005": 0.20189453125,
      "base_M10": 0.10228515625,
      "dose": 0.1288232421875,
      "dose_deep": 0.1241943359375,
      "dM10": 0.0274560546875,
      "slope": 0.21312966683091386
    },
    "plummer3d_N512_eps0.02": {
      "cell": "plummer3d_N512_eps0.02",
      "n": 100,
      "tstar": 20,
      "base_fp01": 0.3637109375,
      "base_fp005": 0.127578125,
      "base_M10": 0.084296875,
      "dose": 0.19302734375,
      "dose_deep": 0.172265625,
      "dM10": 0.05912109375,
      "slope": 0.30628351715066277
    },
    "plummer3d_N512_eps0.05": {
      "cell": "plummer3d_N512_eps0.05",
      "n": 100,
      "tstar": 20,
      "base_fp01": 0.3637109375,
      "base_fp005": 0.127578125,
      "base_M10": 0.084296875,
      "dose": 0.19302734375,
      "dose_deep": 0.172265625,
      "dM10": 0.05634765625,
      "slope": 0.29191541030051604
    },
    "plummer3d_N512_eps0.1": {
      "cell": "plummer3d_N512_eps0.1",
      "n": 100,
      "tstar": 20,
      "base_fp01": 0.3637109375,
      "base_fp005": 0.127578125,
      "base_M10": 0.084296875,
      "dose": 0.19302734375,
      "dose_deep": 0.172265625,
      "dM10": 0.05208984375,
      "slope": 0.2698573307700091
    },
    "plummer3d_N512_eps0.2": {
      "cell": "plummer3d_N512_eps0.2",
      "n": 100,
      "tstar": 20,
      "base_fp01": 0.3637109375,
      "base_fp005": 0.127578125,
      "base_M10": 0.084296875,
      "dose": 0.19302734375,
      "dose_deep": 0.172265625,
      "dM10": 0.04734375,
      "slope": 0.24526965496306788
    },
    "plummer3d_N1024_eps0.02": {
      "cell": "plummer3d_N1024_eps0.02",
      "n": 100,
      "tstar": 20,
      "base_fp01": 0.363623046875,
      "base_fp005": 0.12763671875,
      "base_M10": 0.08748046875,
      "dose": 0.19013671875,
      "dose_deep": 0.17119140625,
      "dM10": 0.058251953125,
      "slope": 0.3063687724704674
    },
    "plummer3d_N1024_eps0.05": {
      "cell": "plummer3d_N1024_eps0.05",
      "n": 100,
      "tstar": 20,
      "base_fp01": 0.363623046875,
      "base_fp005": 0.12763671875,
      "base_M10": 0.08748046875,
      "dose": 0.19013671875,
      "dose_deep": 0.17119140625,
      "dM10": 0.055556640625,
      "slope": 0.29219311761684647
    },
    "plummer3d_N1024_eps0.1": {
      "cell": "plummer3d_N1024_eps0.1",
      "n": 100,
      "tstar": 20,
      "base_fp01": 0.363623046875,
      "base_fp005": 0.12763671875,
      "base_M10": 0.08748046875,
      "dose": 0.19013671875,
      "dose_deep": 0.17119140625,
      "dM10": 0.0514453125,
      "slope": 0.2705701078582435
    },
    "plummer3d_N1024_eps0.2": {
      "cell": "plummer3d_N1024_eps0.2",
      "n": 100,
      "tstar": 20,
      "base_fp01": 0.363623046875,
      "base_fp005": 0.12763671875,
      "base_M10": 0.08748046875,
      "dose": 0.19013671875,
      "dose_deep": 0.17119140625,
      "dM10": 0.04720703125,
      "slope": 0.24827940421160763
    },
    "plummer3d_N2048_eps0.02": {
      "cell": "plummer3d_N2048_eps0.02",
      "n": 100,
      "tstar": 20,
      "base_fp01": 0.3645556640625,
      "base_fp005": 0.12765625,
      "base_M10": 0.0882177734375,
      "dose": 0.1915478515625,
      "dose_deep": 0.1712744140625,
      "dM10": 0.059580078125,
      "slope": 0.31104540008667053
    },
    "plummer3d_N2048_eps0.05": {
      "cell": "plummer3d_N2048_eps0.05",
      "n": 100,
      "tstar": 20,
      "base_fp01": 0.3645556640625,
      "base_fp005": 0.12765625,
      "base_M10": 0.0882177734375,
      "dose": 0.1915478515625,
      "dose_deep": 0.1712744140625,
      "dM10": 0.05607421875,
      "slope": 0.2927426138825869
    },
    "plummer3d_N2048_eps0.1": {
      "cell": "plummer3d_N2048_eps0.1",