{
  "profile": "hernquist3d",
  "N": 512,
  "eps": 0.2,
  "n_pairs": 100,
  "concentrated": true,
  "bimodal_pericenter_caveat": false,
  "crit1": {
    "005": {
      "tstar": 20,
      "slope": 0.11186794513236266,
      "slope_ci": [
        0.10442841903211364,
        0.1195623039857248
      ],
      "partial_r": 0.003203509855250852,
      "armmean_corr": 0.90234638194736,
      "pass": true,
      "strict_pass": false
    },
    "01": {
      "tstar": 20,
      "slope": 0.24522385347080092,
      "slope_ci": [
        0.23469318619936563,
        0.25625603768653554
      ],
      "partial_r": -0.04851480547970661,
      "armmean_corr": 0.888238043965619,
      "pass": true,
      "strict_pass": false
    },
    "02": {
      "tstar": 50,
      "slope": 0.41781694938474323,
      "slope_ci": [
        0.4024053012876768,
        0.4342346151067386
      ],
      "partial_r": 0.14213458711404453,
      "armmean_corr": 0.9263073705906335,
      "pass": true,
      "strict_pass": false
    }
  },
  "crit1_pass": true,
  "crit2": {
    "tM": 5,
    "tC": 5,
    "pass": true
  },
  "crit3": {
    "dM_in": 0.02537109375,
    "dM_out": 0.0013671875,
    "dLg_in": -0.011835824246955402,
    "dLg_out": -0.28267492854424775,
    "pass": true
  },
  "crit5": {
    "sham_vs_full": 0.009811320754716982,
    "pass": true,
    "ci_only_pass": true
  },
  "crit6": {
    "ke_drift": 0.0004965796747827403,
    "E_drift": 7.352151873047207e-05,
    "pass": true
  },
  "predictor": {
    "pc_f": 0.7134064239210471,
    "pc_L": 0.1858312091578421,
    "amf": 0.888238043965619,
    "amL": -0.633228227827796
  },
  "kill": {
    "globalL_beats_fperi": false,
    "outer_reproduces": false,
    "sham_explains": false
  },
  "phi_agree": 0.07905026401856352,
  "peak_dM10_full": 0.02587890625,
  "CELL_PASS": true
}