{
  "profile": "plummer3d",
  "N": 1024,
  "eps": 0.05,
  "n_pairs": 100,
  "concentrated": true,
  "bimodal_pericenter_caveat": false,
  "crit1": {
    "005": {
      "tstar": 20,
      "slope": 0.1572878406826621,
      "slope_ci": [
        0.15309095854503363,
        0.16155659168478562
      ],
      "partial_r": 0.3093757974387609,
      "armmean_corr": 0.9416776500992299,
      "pass": true,
      "strict_pass": false
    },
    "01": {
      "tstar": 20,
      "slope": 0.2966221514471981,
      "slope_ci": [
        0.2908300939670182,
        0.30266889772472566
      ],
      "partial_r": 0.25454967303018017,
      "armmean_corr": 0.9498808086376525,
      "pass": true,
      "strict_pass": false
    },
    "02": {
      "tstar": 50,
      "slope": 0.3249632356904717,
      "slope_ci": [
        0.3166382847712794,
        0.3326592281725565
      ],
      "partial_r": 0.2559649894333785,
      "armmean_corr": 0.9900542076315979,
      "pass": true,
      "strict_pass": false
    }
  },
  "crit1_pass": true,
  "crit2": {
    "tM": 5,
    "tC": 20,
    "pass": true
  },
  "crit3": {
    "dM_in": 0.0355078125,
    "dM_out": 0.0101953125,
    "dLg_in": -0.013130283527555511,
    "dLg_out": -0.08142303528025777,
    "pass": true
  },
  "crit5": {
    "sham_vs_full": 0.004394445420987872,
    "pass": true,
    "ci_only_pass": true
  },
  "crit6": {
    "ke_drift": 0.00025742823728532233,
    "E_drift": 0.00041632234030439296,
    "pass": true
  },
  "predictor": {
    "pc_f": 0.879806128703252,
    "pc_L": 0.6589391217453404,
    "amf": 0.9498808086376525,
    "amL": -0.8443759467508497
  },
  "kill": {
    "globalL_beats_fperi": false,
    "outer_reproduces": false,
    "sham_explains": false
  },
  "phi_agree": 0.008765756851272533,
  "peak_dM10_full": 0.055556640625,
  "CELL_PASS": true
}