{
  "cells": {
    "uniform3d|eps=0.02|th=20": {
      "family": "uniform3d",
      "eps": 0.02,
      "theta_deg": 20,
      "n_pairs": 100,
      "targets": {
        "beta": {
          "causal_int_minus_sham": [
            0.47407510303496403,
            0.4638547846240492,
            0.48490004355702393,
            100
          ]
        },
        "sigr": {
          "causal_int_minus_sham": [
            0.05865613521878319,
            0.05669464203306669,
            0.060730629090146426,
            100
          ]
        },
        "Q": {
          "causal_int_minus_sham": [
            -0.07935837555498244,
            -0.08084885008743921,
            -0.07785023035301962,
            100
          ]
        },
        "S": {
          "causal_int_minus_sham": [
            0.0064930743410616465,
            -0.0005285766949313293,
            0.01325954715826083,
            100
          ]
        },
        "C8": {
          "causal_int_minus_sham": [
            -0.8043426513671875,
            -0.9328320150375365,
            -0.6796443243026734,
            100
          ]
        }
      },
      "imposed_dbeta0": [
        0.6502584382717458,
        0.6426127214542754,
        0.6585448262161834,
        100
      ],
      "sham_dbeta0": [
        -0.002364409830789552,
        -0.006964509519783354,
        0.002544566272813621,
        100
      ],
      "sham_minus_orig_beta1": [
        0.0015277538290445203,
        -0.006955469629357316,
        0.009604433419725732,
        100
      ],
      "causal_beta1": [
        0.47407510303496403,
        0.4638547846240492,
        0.48490004355702393,
        100
      ],
      "free_causal_beta1": [
        0.131494512747286,
        0.12976027723100517,
        0.13321328046294983,
        100
      ],
      "persistence_grav": 0.7290564414588128,
      "persistence_free": 0.20221884870386544,
      "orig_beta0_mean": -0.00183859698202419,
      "orig_beta1_mean": -0.009920458457293502,
      "dKE_rel": 8.959832822722855e-05,
      "dQ_rel": 8.959832822719754e-05,
      "dL": -0.00301194267344635,
      "dp": -4.9774659369795435e-18
    },
    "uniform3d|eps=0.05|th=20": {
      "family": "uniform3d",
      "eps": 0.05,
      "theta_deg": 20,
      "n_pairs": 100,
      "targets": {
        "beta": {
          "causal_int_minus_sham": [
            0.48539258277239095,
            0.47592620530687924,
            0.49437292385204146,
            100
          ]
        },
        "sigr": {
          "causal_int_minus_sham": [
            0.059877680881196535,
            0.05814624450085258,
            0.06153923740757688,
            100
          ]
        },
        "Q": {
          "causal_int_minus_sham": [
            -0.08014745863048407,
            -0.08161249027595023,
            -0.07859896439533336,
            100
          ]
        },
        "S": {
          "causal_int_minus_sham": [
            -0.0013058984411940333,
            -0.00719877324246381,
            0.004556010562772583,
            100
          ]
        },
        "C8": {
          "causal_int_minus_sham": [
            -0.8331148910522461,
            -0.9739257583618165,
            -0.6768824005126955,
            100
          ]
        }
      },
      "imposed_dbeta0": [
        0.6502584382717458,
        0.6420339414329229,
        0.6579024367030233,
        100
      ],
      "sham_dbeta0": [
        -0.002364409830789552,
        -0.006701324177227044,
        0.002412599201583104,
        100
      ],
      "sham_minus_orig_beta1": [
        -0.00036108978984567664,
        -0.007279198918975666,
        0.006791930346512053,
        100
      ],
      "causal_beta1": [
        0.48539258277239095,
        0.47592620530687924,
        0.49437292385204146,
        100
      ],
      "free_causal_beta1": [
        0.131494512747286,
        0.12972951836994048,
        0.13317952926542892,
        100
      ],
      "persistence_grav": 0.7464610287295392,
      "persistence_free": 0.20221884870386544,
      "orig_beta0_mean": -0.00183859698202419,
      "orig_beta1_mean": -0.01099294266320604,
      "dKE_rel": 8.959832822722855e-05,
      "dQ_rel": 8.959832822724077e-05,
      "dL": -0.00301194267344635,
      "dp": -4.9774659369795435e-18
    },
    "uniform3d|eps=0.1|th=20": {
      "family": "uniform3d",
      "eps": 0.1,
      "theta_deg": 20,
      "n_pairs": 100,
      "targets": {
        "beta": {
          "causal_int_minus_sham": [
            0.5075099664141317,
            0.49721994885052856,
            0.5178699033669785,
            100
          ]
        },
        "sigr": {
          "causal_int_minus_sham": [
            0.061511933329954624,
            0.05982213852040073,
            0.06316662316063824,
            100
          ]
        },
        "Q": {
          "causal_int_minus_sham": [
            -0.08099685747943369,
            -0.08236193627123785,
            -0.07962939556800495,
            100
          ]
        },
        "S": {
          "causal_int_minus_sham": [
            -0.009550324237146794,
            -0.015932089179041597,
            -0.0033576326711292083,
            100
          ]
        },
        "C8": {
          "causal_int_minus_sham": [
            -0.9384584045410156,
            -1.0559861698150637,
            -0.8138618412017823,
            100
          ]
        }
      },
      "imposed_dbeta0": [
        0.650258438271746,
        0.6421067517810236,
        0.6584311000474432,
        100
      ],
      "sham_dbeta0": [
        -0.002364409830789552,
        -0.007162108965835615,
        0.0021596559288937387,
        100
      ],
      "sham_minus_orig_beta1": [
        0.0016016198061747046,
        -0.0045086015951928534,
        0.00785405419479006,
        100
      ],
      "causal_beta1": [
        0.5075099664141317,
        0.49721994885052856,
        0.5178699033669785,
        100
      ],
      "free_causal_beta1": [
        0.131494512747286,
        0.12981209280661848,
        0.1332885988735293,
        100
      ],
      "persistence_grav": 0.7804742492277216,
      "persistence_free": 0.2022188487038654,
      "orig_beta0_mean": -0.00183859698202419,
      "orig_beta1_mean": -0.0225483847720509,
      "dKE_rel": 8.959832822722855e-05,
      "dQ_rel": 8.959832822720231e-05,
      "dL": -0.00301194267344635,
      "dp": -4.9774659369795435e-18
    }
  },
  "verdict": {
    "family": "uniform3d",
    "n_beta_ci_pos": "3/3",
    "n_sigr_ci_pos": "3/3",
    "n_c8_ci_pos": "3/3",
    "sign_ok": true,
    "sham_null": true,
    "conservation_ok": true,
    "persistence_grav": 0.7464610287295392,
    "persistence_free": 0.20221884870386544,
    "nontrivial_vs_free": true,
    "attractor_mag": 0.009154345681181852,
    "c8_effect_median": -0.8331148910522461,
    "same_mechanism": false,
    "beta_effect_by_eps": {
      "0.02": [
        0.47407510303496403,
        0.4638547846240492,
        0.48490004355702393,
        100
      ],
      "0.05": [
        0.48539258277239095,
        0.47592620530687924,
        0.49437292385204146,
        100
      ],
      "0.1": [
        0.5075099664141317,
        0.49721994885052856,
        0.5178699033669785,
        100
      ]
    },
    "orig_beta_relax": {
      "0.02": [
        -0.00183859698202419,
        -0.009920458457293502
      ],
      "0.05": [
        -0.00183859698202419,
        -0.01099294266320604
      ],
      "0.1": [
        -0.00183859698202419,
        -0.0225483847720509
      ]
    },
    "cusp_reference": {
      "beta_effect": "0.11-0.19",
      "persistence_grav": "17-29%",
      "persistence_free": "3-8%"
    },
    "aws_needed": false,