{
  "cells": {
    "hernquist3d|eps=0.05|th=5": {
      "family": "hernquist3d",
      "eps": 0.05,
      "theta_deg": 5,
      "n_pairs": 100,
      "targets": {
        "beta": {
          "causal_int_minus_sham": [
            0.03494415577337556,
            0.03019102178925098,
            0.03963947818854201,
            100
          ]
        },
        "sigr": {
          "causal_int_minus_sham": [
            0.013250845296633477,
            0.011704007320017307,
            0.014786220678812629,
            100
          ]
        },
        "Q": {
          "causal_int_minus_sham": [
            -0.0012335124175630984,
            -0.001777528519128142,
            -0.0007240857016822651,
            100
          ]
        },
        "S": {
          "causal_int_minus_sham": [
            0.01396357084908737,
            0.00978945545703396,
            0.01823555139323446,
            100
          ]
        },
        "C8": {
          "causal_int_minus_sham": [
            0.27702793121337893,
            -0.11454431247711182,
            0.6774128351211548,
            100
          ]
        }
      },
      "imposed_dbeta0": [
        0.231796428758714,
        0.22897388184737064,
        0.2345922281857164,
        100
      ],
      "sham_dbeta0": [
        0.00010623232829305995,
        -0.0012850785249373465,
        0.0014905931531414265,
        100
      ],
      "sham_minus_orig_beta1": [
        0.0022289326571311276,
        -0.0010862570879513701,
        0.005637256205839112,
        100
      ],
      "causal_beta1": [
        0.03494415577337556,
        0.03019102178925098,
        0.03963947818854201,
        100
      ],
      "free_causal_beta1": [
        0.011544447510936435,
        0.009686602379579017,
        0.013389415586652863,
        100
      ],
      "persistence_grav": 0.15075364172133257,
      "persistence_free": 0.04980425096606429,
      "orig_beta0_mean": -0.006757399232920245,
      "orig_beta1_mean": 0.4611556364159658,
      "dKE_rel": 5.355845531528657e-06,
      "dQ_rel": 5.355845531542013e-06,
      "dL": -0.003444173772653096,
      "dp": -6.8162067175527074e-18
    },
    "hernquist3d|eps=0.05|th=10": {
      "family": "hernquist3d",
      "eps": 0.05,
      "theta_deg": 10,
      "n_pairs": 100,
      "targets": {
        "beta": {
          "causal_int_minus_sham": [
            0.08000853805453965,
            0.07509499141656485,
            0.08492965257250097,
            100
          ]
        },
        "sigr": {
          "causal_int_minus_sham": [
            0.029553423565474874,
            0.027632517473469353,
            0.03146961786634449,
            100
          ]
        },
        "Q": {
          "causal_int_minus_sham": [
            -0.002402980362857332,
            -0.0033365386585428956,
            -0.0015354187232513778,
            100
          ]
        },
        "S": {
          "causal_int_minus_sham": [
            0.023773314554806236,
            0.01867371870674741,
            0.02876463205318835,
            100
          ]
        },
        "C8": {
          "causal_int_minus_sham": [
            0.8801247787475586,
            0.2743449115753174,
            1.5033937406539917,
            100
          ]
        }
      },
      "imposed_dbeta0": [
        0.40985601115619075,
        0.4052258088724179,
        0.41487271335393483,
        100
      ],
      "sham_dbeta0": [
        0.00029983693309982293,
        -0.0024378198652048625,
        0.0030431938233366125,
        100
      ],
      "sham_minus_orig_beta1": [
        -0.0007604876152534179,
        -0.004875135900405919,
        0.003561179809125381,
        100
      ],
      "causal_beta1": [
        0.08000853805453965,
        0.07509499141656485,
        0.08492965257250097,
        100
      ],
      "free_causal_beta1": [
        0.022061048121848247,
        0.018549581091261893,
        0.025520855172402098,
        100
      ],
      "persistence_grav": 0.19521133245999764,
      "persistence_free": 0.05382633783902482,
      "orig_beta0_mean": -0.006757399232920245,
      "orig_beta1_mean": 0.4611556364159658,
      "dKE_rel": 2.1682638183555576e-05,
      "dQ_rel": 2.168263818346991e-05,
      "dL": -0.007222101227397387,
      "dp": -7.387000424926235e-18
    },
    "hernquist3d|eps=0.05|th=20": {
      "family": "hernquist3d",
      "eps": 0.05,
      "theta_deg": 20,
      "n_pairs": 100,
      "targets": {
        "beta": {
          "causal_int_minus_sham": [
            0.15146589307214894,
            0.14473112563636517,
            0.15818691877176277,
            100
          ]
        },
        "sigr": {
          "causal_int_minus_sham": [
            0.060943281391191234,
            0.058415203379614936,
            0.06333417828040921,
            100
          ]
        },
        "Q": {
          "causal_int_minus_sham": [
            -0.003648305135607002,
            -0.005284910383612622,
            -0.0021293673920072297,
            100
          ]
        },
        "S": {
          "causal_int_minus_sham": [
            0.028518310514206967,
            0.022707187341580833,
            0.0344149923294038,
            100
          ]
        },
        "C8": {
          "causal_int_minus_sham": [
            2.32088264465332,
            1.529631420135498,
            3.1929774017333985,
            100
          ]
        }
      },
      "imposed_dbeta0": [
        0.6537224784490373,
        0.6465276988249062,
        0.661064545289036,
        100
      ],
      "sham_dbeta0": [
        0.0009134154349315049,
        -0.004523375973359248,
        0.006151663709460066,
        100
      ],
      "sham_minus_orig_beta1": [
        -0.0007067377789375418,
        -0.0059238271688906,
        0.004416934793661259,
        100
      ],
      "causal_beta1": [
        0.15146589307214894,
        0.14473112563636517,
        0.15818691877176277,
        100
      ],
      "free_causal_beta1": [
        0.052306483425495515,
        0.04765390300319937,
        0.05687923931672704,
        100
      ],
      "persistence_grav": 0.23169754454750155,
      "persistence_free": 0.08001328568292945,
      "orig_beta0_mean": -0.006757399232920245,
      "orig_beta1_mean": 0.4611556364159658,
      "dKE_rel": 8.218163725281743e-05,
      "dQ_rel": 8.218163725279119e-05,
      "dL": -0.015524398650074676,
      "dp": -6.045981134128736e-18
    },
    "hernquist3d|eps=0.05|th=30": {
      "family": "hernquist3d",
      "eps": 0.05,
      "theta_deg": 30,
      "n_pairs": 100,
      "targets": {
        "beta": {
          "causal_int_minus_sham": [
            0.21161494515890233,
            0.20372872223393473,
            0.2196094936869318,
            100
          ]
        },
        "sigr": {
          "causal_int_minus_sham": [
            0.0921206262100025,
            0.08887046791688936,
            0.09534033394953408,
            100
          ]
        },
        "Q": {
          "causal_int_minus_sham": [
            -0.005424521248453116,
            -0.007515965437240538,
            -0.003312431594249536,
            100
          ]
        },
        "S": {
          "causal_int_minus_sham": [
            0.0270542246992071,
            0.021112858403209457,
            0.03319870363713259,
            100
          ]
        },
        "C8": {
          "causal_int_minus_sham": [
            4.3256832885742185,
            3.1629992809295655,
            5.576922474861144,
            100
          ]
        }
      },
      "imposed_dbeta0": [
        0.8022885005253966,
        0.7935782418719456,
        0.8107991746288046,
        100
      ],
      "sham_dbeta0": [
        0.0017433486642985097,
        -0.005780914768602789,
        0.009264042891859399,
        100
      ],
      "sham_minus_orig_beta1": [
        -0.0005479901481791039,
        -0.00692064308435751,
        0.006254830027468455,
        100
      ],