arm,dfperi_0.05,dfperi_0.1,dfperi_0.2,dM_0.05,dM_0.1,dM_0.2,dC8
inner_w,0.0316,0.0269,0.0105,0.00626,0.01413,0.00589,-0.44
inner_m,0.0678,0.0548,0.0182,0.01567,0.02903,0.01111,-0.81
inner_s,0.1261,0.0895,0.0231,0.03140,0.05081,0.01465,-1.26
mid,0.0488,0.0632,0.0721,0.00339,0.01307,0.02643,3.95
full,0.1241,0.1324,0.1138,0.01559,0.02977,0.03652,4.71
tan,-0.0436,-0.0639,-0.0638,-0.00662,-0.02080,-0.02750,-2.28
