{
  "dfp": {
    "inner_w": {
      "0.05": 0.031611328125,
      "0.1": 0.02693359375,
      "0.2": 0.010546875
    },
    "inner_m": {
      "0.05": 0.067763671875,
      "0.1": 0.054814453125,
      "0.2": 0.018232421875
    },
    "inner_s": {
      "0.05": 0.12611328125,
      "0.1": 0.089521484375,
      "0.2": 0.0230859375
    },
    "mid": {
      "0.05": 0.048779296875,
      "0.1": 0.0632421875,
      "0.2": 0.072138671875
    },
    "full": {
      "0.05": 0.124091796875,
      "0.1": 0.132373046875,
      "0.2": 0.11380859375
    },
    "tan": {
      "0.05": -0.043583984375,
      "0.1": -0.0639453125,
      "0.2": -0.063759765625
    }
  },
  "dM_peak": {
    "inner_w": {
      "0.05": 0.006259765625,
      "0.1": 0.014130859375,
      "0.2": 0.005888671875
    },
    "inner_m": {
      "0.05": 0.015673828125,
      "0.1": 0.029033203125,
      "0.2": 0.01111328125
    },
    "inner_s": {
      "0.05": 0.031396484375,
      "0.1": 0.050810546875,
      "0.2": 0.0146484375
    },
    "mid": {
      "0.05": 0.003388671875,
      "0.1": 0.01306640625,
      "0.2": 0.02642578125
    },
    "full": {
      "0.05": 0.0155859375,
      "0.1": 0.029765625,
      "0.2": 0.0365234375
    },
    "tan": {
      "0.05": -0.00662109375,
      "0.1": -0.02080078125,
      "0.2": -0.0275
    }
  },
  "dC8_peak": {
    "inner_w": -0.4433315277099609,
    "inner_m": -0.8136953353881836,
    "inner_s": -1.2631493759155275,
    "mid": 3.9497150802612304,
    "full": 4.706345252990722,
    "tan": -2.2759506607055666
  },
  "dose": {
    "0.05": {
      "corr": 0.9102913818657686,
      "slope": 0.18447510959689858
    },
    "0.1": {
      "corr": 0.8636663303683003,
      "slope": 0.3133388563013593
    },
    "0.2": {
      "corr": 0.9793374293359045,
      "slope": 0.3577473415917706
    }
  },
  "order_by_dfp": [
    "tan",
    "inner_w",
    "inner_m",
    "mid",
    "inner_s",
    "full"
  ],
  "first_sig": {
    "M": 5,
    "C8": 20
  },
  "monotone": false,
  "strong_doseresponse": true,
  "m_leads_c8": true,
  "conservation": {
    "dKE_rel": 4.896426960493232e-05,
    "dQ_rel": 4.8964269604882196e-05
  },
  "aws_needed": false,
  "verdict": "CONFIRMED (non-strict monotone) \u2014 strong dose-response (corr {'0.05': 0.91, '0.1': 0.86, '0.2': 0.98}), M leads C\u2088; the low-pericenter mechanism holds though arm ordering is not perfectly monotone."
}