{
  "d_summary": {
    "rad": {
      "L_global": -0.3442881969695673,
      "L_inner": -0.039202913471190676,
      "L_mid": -0.12851205401302032,
      "L_outer": -0.8657823980372669,
      "fperi_005": 0.124091796875,
      "fperi_01": 0.132373046875,
      "fperi_02": 0.11380859375
    },
    "inner3": {
      "L_global": -0.013630895933533367,
      "L_inner": -0.039242847293094456,
      "L_mid": -0.00016995382857986908,
      "L_outer": -0.0015193615824594265,
      "fperi_005": 0.067763671875,
      "fperi_01": 0.054814453125,
      "fperi_02": 0.018232421875
    },
    "mid3": {
      "L_global": -0.04350991839719705,
      "L_inner": 0.00018242435676346687,
      "L_mid": -0.12864171911421782,
      "L_outer": -0.0018208070596000868,
      "fperi_005": 0.048779296875,
      "fperi_01": 0.0632421875,
      "fperi_02": 0.072138671875
    },
    "outer3": {
      "L_global": -0.2885748257318178,
      "L_inner": 0.00017776084427336357,
      "L_mid": -0.00018855764576143074,
      "L_outer": -0.8665593879250093,
      "fperi_005": 0.00669921875,
      "fperi_01": 0.01525390625,
      "fperi_02": 0.024755859375
    },
    "tan": {
      "L_global": 0.21247535237204546,
      "L_inner": 0.024660964957653894,
      "L_mid": 0.079348889099556,
      "L_outer": 0.5338066032444764,
      "fperi_005": -0.043583984375,
      "fperi_01": -0.0639453125,
      "fperi_02": -0.063759765625
    }
  },
  "dM05_peak": {
    "rad": 0.015791015625,
    "inner3": 0.015732421875,
    "mid3": 0.004951171875,
    "outer3": 0.00193359375,
    "tan": -0.001162109375
  },
  "dM10_peak": {
    "rad": 0.031484375,
    "inner3": 0.029052734375,
    "mid3": 0.014921875,
    "outer3": 0.003623046875,
    "tan": -0.011875
  },
  "dC8_peak": {
    "rad": 4.827045936584472,
    "inner3": 0.844577407836914,
    "mid3": 4.215772705078125,
    "outer3": 0.842365493774414,
    "tan": 0.0060218429565429684
  },
  "corr_with_M10": {
    "L_global": {
      "r_M10": -0.5537188458949336,
      "r_M05": -0.43755490373492884
    },
    "L_inner": {
      "r_M10": -0.9637893579681882,
      "r_M05": -0.9832582917355651
    },
    "L_mid": {
      "r_M10": -0.6874755015461369,
      "r_M05": -0.5002685590797669
    },
    "L_outer": {
      "r_M10": -0.4666764564417443,
      "r_M05": -0.3650639356233334
    },
    "fperi_005": {
      "r_M10": 0.9626344369972908,
      "r_M05": 0.9079399293101478
    },
    "fperi_01": {
      "r_M10": 0.9233165953688384,
      "r_M05": 0.8220704116049938
    },
    "fperi_02": {
      "r_M10": 0.7926113047694698,
      "r_M05": 0.6346082456021375
    }
  },
  "best_predictor": "L_inner",
  "global_L_corr_M10": -0.5537188458949336,
  "global_L_retired": true,
  "order_by_dM10": [
    "rad",
    "inner3",
    "mid3",
    "outer3",
    "tan"
  ],
  "conservation": {
    "dKE_rel": 8.218163725281743e-05,
    "dQ_rel": 8.218163725279119e-05
  },
  "aws_needed": false,
  "verdict": "INNER LOW-PERICENTER FRACTION IS THE SUMMARY \u2014 across interventions, \u0394M(<0.1) is best tracked by \u0394L_inner (r=-0.96), while global \u27e8|L|\u27e9 does NOT track it (r=-0.55). Pattern by \u0394M(<0.1): [('rad', 0.0315), ('inner3', 0.0291), ('mid3', 0.0149), ('outer3', 0.0036), ('tan', -0.0119)] \u2014 inner-third concentrates, outer-third does NOT, tangentialize reverses. Global mean \u27e8|L|\u27e9 is RETIRED as the causal summary; the causal variable is the low-pericenter / inner-low-|L| orbit population. No AWS."
}